instance_id,positive_phrase,negative_phrase,image,image_tag
0,see person,touch pillow,S_20140420_1803_01_082_00.jpg,positive
0,see person,touch pillow,S_20140420_1803_01_082_00_neg.jpeg,negative
1,play mat,read book,S_20130519_0702_03_044_20.jpg,positive
1,play mat,read book,S_20130519_0702_03_044_20_neg.jpeg,negative
2,read book,close box,S_20131024_1207_03_253_05.jpg,positive
2,read book,close box,S_20131024_1207_03_253_05_neg.jpeg,negative
3,sit bench,run street,S_20130529_0712_04_073_00.jpg,positive
3,sit bench,run street,S_20130529_0712_04_073_00_neg.jpeg,negative
4,car outside,bike outside,S_20131012_1125_03_042_05.jpg,positive
4,car outside,bike outside,S_20131012_1125_03_042_05_neg.jpeg,negative
5,silver car,blue bike,S_20131012_1125_03_042_20.jpg,positive
5,silver car,blue bike,S_20131012_1125_03_042_20_neg.jpeg,negative
6,see stroller,find kitty,S_20131012_1125_03_042_25.jpg,positive
6,see stroller,find kitty,S_20131012_1125_03_042_25_neg.jpeg,negative
7,happy bug,sad bug,S_20130602_0716_02_120_15.jpg,positive
7,happy bug,sad bug,S_20130602_0716_02_120_15_neg.jpeg,negative
8,shoe strap,hat strap,S_20140430_1813_04_072_00.jpg,positive
8,shoe strap,hat strap,S_20140430_1813_04_072_00_neg.jpeg,negative
9,big smile,small frown,S_20130526_0709_01_008_00.jpg,positive
9,big smile,small frown,S_20130526_0709_01_008_00_neg.jpeg,negative
10,hug hippo,kick ball,S_20140125_1508_01_117_00.jpg,positive
10,hug hippo,kick ball,S_20140125_1508_01_117_00_neg.jpeg,negative
11,green bowl,blue cup,S_20130724_0907_07_043_15.jpg,positive
11,green bowl,blue cup,S_20130724_0907_07_043_15_neg.jpeg,negative
12,press button,hug frog,S_20130824_1007_02_101_05.jpg,positive
12,press button,hug frog,S_20130824_1007_02_101_05_neg.jpeg,negative
13,book read,toy play,S_20130901_1015_04_038_00.jpg,positive
13,book read,toy play,S_20130901_1015_04_038_00_neg.jpeg,negative
14,see apple,see dog,S_20130622_0805_06_118_00.jpg,positive
14,see apple,see dog,S_20130622_0805_06_118_00_neg.jpeg,negative
15,eat apple,play dog,S_20130622_0805_06_118_05.jpg,positive
15,eat apple,play dog,S_20130622_0805_06_118_05_neg.jpeg,negative
16,eat fruit,play fruit,S_20140409_1723_02_261_05.jpg,positive
16,eat fruit,play fruit,S_20140409_1723_02_261_05_neg.jpeg,negative
17,climb stairs,slide down,S_20140409_1723_02_261_10.jpg,positive
17,climb stairs,slide down,S_20140409_1723_02_261_10_neg.jpeg,negative
18,open bin,closed bin,S_20140409_1723_02_261_25.jpg,positive
18,open bin,closed bin,S_20140409_1723_02_261_25_neg.jpeg,negative
19,yellow fish,red fish,S_20130901_1015_04_116_00.jpg,positive
19,yellow fish,red fish,S_20130901_1015_04_116_00_neg.jpeg,negative
20,paper fall,ball roll,S_20130915_1029_01_031_00.jpg,positive
20,paper fall,ball roll,S_20130915_1029_01_031_00_neg.jpeg,negative
21,girl book,baby book,S_20130731_0914_01_119_00.jpg,positive
21,girl book,baby book,S_20130731_0914_01_119_00_neg.jpeg,negative
22,family book,story book,S_20130928_1111_03_053_05.jpg,positive
22,family book,story book,S_20130928_1111_03_053_05_neg.jpeg,negative
23,see kitty,see puppy,S_20131024_1207_03_132_00.jpg,positive
23,see kitty,see puppy,S_20131024_1207_03_132_00_neg.jpeg,negative
24,stair step,chair step,S_20140426_1809_09_044_00.jpg,positive
24,stair step,chair step,S_20140426_1809_09_044_00_neg.jpeg,negative
25,yellow bucket,blue bucket,S_20140409_1723_08_189_00.jpg,positive
25,yellow bucket,blue bucket,S_20140409_1723_08_189_00_neg.jpeg,negative
26,sand bucket,stone shovel,S_20140409_1723_08_189_05.jpg,positive
26,sand bucket,stone shovel,S_20140409_1723_08_189_05_neg.jpeg,negative
27,yellow baby,green baby,S_20130901_1015_04_058_10.jpg,positive
27,yellow baby,green baby,S_20130901_1015_04_058_10_neg.jpeg,negative
28,see heart,find rocket,S_20131113_1227_05_112_10.jpg,positive
28,see heart,find rocket,S_20131113_1227_05_112_10_neg.jpeg,negative
29,cow piece,duck piece,S_20140413_1727_01_067_00.jpg,positive
29,cow piece,duck piece,S_20140413_1727_01_067_00_neg.jpeg,negative
30,see tree,climb rock,S_20140430_1813_06_124_00.jpg,positive
30,see tree,climb rock,S_20140430_1813_06_124_00_neg.jpeg,negative
31,play mat,clean grass,S_20130508_0621_01_070_05.jpg,positive
31,play mat,clean grass,S_20130508_0621_01_070_05_neg.jpeg,negative
32,climb ladder,sit mat,S_20130508_0621_01_070_30.jpg,positive
32,climb ladder,sit mat,S_20130508_0621_01_070_30_neg.jpeg,negative
33,red cup,blue cup,S_20130822_1005_02_090_05.jpg,positive
33,red cup,blue cup,S_20130822_1005_02_090_05_neg.jpeg,negative
34,star pillow,blue giraffe,S_20140403_1717_02_016_05.jpg,positive
34,star pillow,blue giraffe,S_20140403_1717_02_016_05_neg.jpeg,negative
35,see book,read map,S_20130526_0709_04_071_05.jpg,positive
35,see book,read map,S_20130526_0709_04_071_05_neg.jpeg,negative
36,yellow flower,green tree,S_20130526_0709_04_071_10.jpg,positive
36,yellow flower,green tree,S_20130526_0709_04_071_10_neg.jpeg,negative
37,make tea,cook soup,S_20140418_1801_02_306_00.jpg,positive
37,make tea,cook soup,S_20140418_1801_02_306_00_neg.jpeg,negative
38,drink milk,feed kitty,S_20130818_1001_02_026_15.jpg,positive
38,drink milk,feed kitty,S_20130818_1001_02_026_15_neg.jpeg,negative
39,bed soft,bed hard,S_20140430_1813_02_257_00.jpg,positive
39,bed soft,bed hard,S_20140430_1813_02_257_00_neg.jpeg,negative
40,car stop,bike stop,S_20141009_2322_01_003_05.jpg,positive
40,car stop,bike stop,S_20141009_2322_01_003_05_neg.jpeg,negative
41,happy face,sad face,S_20140125_1508_01_234_05.jpg,positive
41,happy face,sad face,S_20140125_1508_01_234_05_neg.jpeg,negative
42,read book,eat toy,S_20130526_0709_04_089_00.jpg,positive
42,read book,eat toy,S_20130526_0709_04_089_00_neg.jpeg,negative
43,touch rocks,touch leaves,S_20141108_2422_02_104_25.jpg,positive
43,touch rocks,touch leaves,S_20141108_2422_02_104_25_neg.jpeg,negative
44,more banana,one apple,S_20130919_1102_06_014_10.jpg,positive
44,more banana,one apple,S_20130919_1102_06_014_10_neg.jpeg,negative
45,baby bubbles,dog bubbles,S_20131003_1116_03_024_00.jpg,positive
45,baby bubbles,dog bubbles,S_20131003_1116_03_024_00_neg.jpeg,negative
46,baby smile,dog bark,S_20131003_1116_03_024_05.jpg,positive
46,baby smile,dog bark,S_20131003_1116_03_024_05_neg.jpeg,negative
47,eat snack,throw ball,S_20130508_0621_01_093_10.jpg,positive
47,eat snack,throw ball,S_20130508_0621_01_093_10_neg.jpeg,negative
48,touch giraffe,move zebra,S_20140125_1508_03_252_05.jpg,positive
48,touch giraffe,move zebra,S_20140125_1508_03_252_05_neg.jpeg,negative
49,bunny cute,frog cute,S_20141102_2416_01_131_00.jpg,positive
49,bunny cute,frog cute,S_20141102_2416_01_131_00_neg.jpeg,negative
50,empty box,full box,S_20140503_1816_02_095_00.jpg,positive
50,empty box,full box,S_20140503_1816_02_095_00_neg.jpeg,negative
51,sneaker floor,boot floor,S_20141106_2420_03_105_05.jpg,positive
51,sneaker floor,boot floor,S_20141106_2420_03_105_05_neg.jpeg,negative
52,kitty read,doggy read,S_20130619_0802_01_137_00.jpg,positive
52,kitty read,doggy read,S_20130619_0802_01_137_00_neg.jpeg,negative
53,count dogs,pet cats,S_20130811_0925_03_323_00.jpg,positive
53,count dogs,pet cats,S_20130811_0925_03_323_00_neg.jpeg,negative
54,count dogs,count lions,S_20130811_0925_03_323_05.jpg,positive
54,count dogs,count lions,S_20130811_0925_03_323_05_neg.jpeg,negative
55,bake dough,paint dough,S_20141011_2324_05_366_10.jpg,positive
55,bake dough,paint dough,S_20141011_2324_05_366_10_neg.jpeg,negative
56,get shoes,leave toys,S_20130928_1111_06_019_00.jpg,positive
56,get shoes,leave toys,S_20130928_1111_06_019_00_neg.jpeg,negative
57,walk road,stop sign,S_20140405_1719_02_002_10.jpg,positive
57,walk road,stop sign,S_20140405_1719_02_002_10_neg.jpeg,negative
58,big rock,big balloon,S_20141015_2328_01_092_05.jpg,positive
58,big rock,big balloon,S_20141015_2328_01_092_05_neg.jpeg,negative
59,see shadow,catch balloon,S_20141015_2328_01_092_25.jpg,positive
59,see shadow,catch balloon,S_20141015_2328_01_092_25_neg.jpeg,negative
60,grass grow,cloudy sky,S_20140119_1502_02_050_15.jpg,positive
60,grass grow,cloudy sky,S_20140119_1502_02_050_15_neg.jpeg,negative
61,baby smile,cat smile,S_20130814_0928_03_412_15.jpg,positive
61,baby smile,cat smile,S_20130814_0928_03_412_15_neg.jpeg,negative
62,see flowers,see birds,S_20131024_1207_03_118_05.jpg,positive
62,see flowers,see birds,S_20131024_1207_03_118_05_neg.jpeg,negative
63,touch keys,kick ball,S_20140420_1803_01_242_00.jpg,positive
63,touch keys,kick ball,S_20140420_1803_01_242_00_neg.jpeg,negative
64,climb up,dig hole,S_20131012_1125_04_013_00.jpg,positive
64,climb up,dig hole,S_20131012_1125_04_013_00_neg.jpeg,negative
65,push cart,pull basket,S_20130626_0809_02_003_00.jpg,positive
65,push cart,pull basket,S_20130626_0809_02_003_00_neg.jpeg,negative
66,red bag,blue bag,S_20130803_0917_05_027_05.jpg,positive
66,red bag,blue bag,S_20130803_0917_05_027_05_neg.jpeg,negative
67,build house,eat block,S_20130824_1007_01_111_05.jpg,positive
67,build house,eat block,S_20130824_1007_01_111_05_neg.jpeg,negative
68,animal puzzle,animal book,S_20140406_1720_01_209_00.jpg,positive
68,animal puzzle,animal book,S_20140406_1720_01_209_00_neg.jpeg,negative
69,crunchy toast,mushy apple,S_20141019_2402_02_078_00.jpg,positive
69,crunchy toast,mushy apple,S_20141019_2402_02_078_00_neg.jpeg,negative
70,hug kitty,chase kitty,S_20130626_0809_01_069_05.jpg,positive
70,hug kitty,chase kitty,S_20130626_0809_01_069_05_neg.jpeg,negative
71,jump kitty,sleep kitty,S_20130724_0907_01_037_00.jpg,positive
71,jump kitty,sleep kitty,S_20130724_0907_01_037_00_neg.jpeg,negative
72,kitty eat,kitty play,S_20130724_0907_01_037_25.jpg,positive
72,kitty eat,kitty play,S_20130724_0907_01_037_25_neg.jpeg,negative
73,fluffy kitty,barking puppy,S_20130724_0907_01_037_30.jpg,positive
73,fluffy kitty,barking puppy,S_20130724_0907_01_037_30_neg.jpeg,negative
74,sand play,water play,S_20140409_1723_08_150_05.jpg,positive
74,sand play,water play,S_20140409_1723_08_150_05_neg.jpeg,negative
75,sunny park,cloudy park,S_20140119_1502_02_042_05.jpg,positive
75,sunny park,cloudy park,S_20140119_1502_02_042_05_neg.jpeg,negative
76,sunny day,rainy day,S_20140119_1502_02_042_30.jpg,positive
76,sunny day,rainy day,S_20140119_1502_02_042_30_neg.jpeg,negative
77,see tree,see car,S_20130616_0730_01_034_00.jpg,positive
77,see tree,see car,S_20130616_0730_01_034_00_neg.jpeg,negative
78,wood floor,wet floor,S_20141026_2409_03_167_05.jpg,positive
78,wood floor,wet floor,S_20141026_2409_03_167_05_neg.jpeg,negative
79,glass table,chair table,S_20130720_0903_04_071_20.jpg,positive
79,glass table,chair table,S_20130720_0903_04_071_20_neg.jpeg,negative
80,empty glass,full glass,S_20130720_0903_04_071_25.jpg,positive
80,empty glass,full glass,S_20130720_0903_04_071_25_neg.jpeg,negative
81,floor messy,floor clean,S_20130616_0730_07_014_15.jpg,positive
81,floor messy,floor clean,S_20130616_0730_07_014_15_neg.jpeg,negative
82,clean floor,dirty floor,S_20140409_1723_04_040_05.jpg,positive
82,clean floor,dirty floor,S_20140409_1723_04_040_05_neg.jpeg,negative
83,fridge shiny,floor messy,S_20140409_1723_04_040_15.jpg,positive
83,fridge shiny,floor messy,S_20140409_1723_04_040_15_neg.jpeg,negative
84,star pillow,blue ribbon,S_20140403_1717_02_032_25.jpg,positive
84,star pillow,blue ribbon,S_20140403_1717_02_032_25_neg.jpeg,negative
85,find M,find N,S_20141015_2328_02_125_00.jpg,positive
85,find M,find N,S_20141015_2328_02_125_00_neg.jpeg,negative
86,beach walk,grass play,S_20141015_2328_04_032_05.jpg,positive
86,beach walk,grass play,S_20141015_2328_04_032_05_neg.jpeg,negative
87,see duck,see frog,S_20140430_1813_07_035_00.jpg,positive
87,see duck,see frog,S_20140430_1813_07_035_00_neg.jpeg,negative
88,blue ball,red ball,S_20130619_0802_03_030_10.jpg,positive
88,blue ball,red ball,S_20130619_0802_03_030_10_neg.jpeg,negative
89,watch video,read book,S_20140420_1803_01_299_00.jpg,positive
89,watch video,read book,S_20140420_1803_01_299_00_neg.jpeg,negative
90,green grass,yellow flowers,S_20141009_2322_01_036_15.jpg,positive
90,green grass,yellow flowers,S_20141009_2322_01_036_15_neg.jpeg,negative
91,find mouse,hide cat,S_20130526_0709_04_052_00.jpg,positive
91,find mouse,hide cat,S_20130526_0709_04_052_00_neg.jpeg,negative
92,blue shirt,green shirt,S_20141009_2322_02_021_05.jpg,positive
92,blue shirt,green shirt,S_20141009_2322_02_021_05_neg.jpeg,negative
93,stay home,go play,S_20130915_1029_02_064_00.jpg,positive
93,stay home,go play,S_20130915_1029_02_064_00_neg.jpeg,negative
94,car ride,bike ride,S_20140430_1813_04_034_25.jpg,positive
94,car ride,bike ride,S_20140430_1813_04_034_25_neg.jpeg,negative
95,big crack,smooth road,S_20140119_1502_03_153_00.jpg,positive
95,big crack,smooth road,S_20140119_1502_03_153_00_neg.jpeg,negative
96,cut paper,tear paper,S_20141023_2406_03_197_00.jpg,positive
96,cut paper,tear paper,S_20141023_2406_03_197_00_neg.jpeg,negative
97,sleepy time,play time,S_20140423_1806_03_074_00.jpg,positive
97,sleepy time,play time,S_20140423_1806_03_074_00_neg.jpeg,negative
98,banana bowl,bread bowl,S_20140420_1803_03_088_00.jpg,positive
98,banana bowl,bread bowl,S_20140420_1803_03_088_00_neg.jpeg,negative
99,sand foot,water foot,S_20140409_1723_08_097_00.jpg,positive
99,sand foot,water foot,S_20140409_1723_08_097_00_neg.jpeg,negative
100,touch dirt,wash dirt,S_20130602_0716_07_077_00.jpg,positive
100,touch dirt,wash dirt,S_20130602_0716_07_077_00_neg.jpeg,negative
101,blue hat,red shirt,S_20130529_0712_02_064_00.jpg,positive
101,blue hat,red shirt,S_20130529_0712_02_064_00_neg.jpeg,negative
102,blue icing,green plate,S_20141019_2402_04_266_20.jpg,positive
102,blue icing,green plate,S_20141019_2402_04_266_20_neg.jpeg,negative
103,bike stop,car stop,S_20140405_1719_03_343_05.jpg,positive
103,bike stop,car stop,S_20140405_1719_03_343_05_neg.jpeg,negative
104,yellow coat,green coat,S_20130814_0928_03_208_00.jpg,positive
104,yellow coat,green coat,S_20130814_0928_03_208_00_neg.jpeg,negative
105,basket full,basket empty,S_20130417_0600_01_013_20.jpg,positive
105,basket full,basket empty,S_20130417_0600_01_013_20_neg.jpeg,negative
106,soft toy,hard toy,S_20130417_0600_01_013_30.jpg,positive
106,soft toy,hard toy,S_20130417_0600_01_013_30_neg.jpeg,negative
107,tree green,cloudy sky,S_20130519_0702_02_075_00.jpg,positive
107,tree green,cloudy sky,S_20130519_0702_02_075_00_neg.jpeg,negative
108,happy lady,sad lady,S_20130519_0702_02_075_15.jpg,positive
108,happy lady,sad lady,S_20130519_0702_02_075_15_neg.jpeg,negative
109,blue curtain,green curtain,S_20130905_1019_01_091_05.jpg,positive
109,blue curtain,green curtain,S_20130905_1019_01_091_05_neg.jpeg,negative
110,dig dirt,climb tree,S_20130622_0805_02_058_00.jpg,positive
110,dig dirt,climb tree,S_20130622_0805_02_058_00_neg.jpeg,negative
111,plant grow,rock big,S_20130622_0805_03_018_00.jpg,positive
111,plant grow,rock big,S_20130622_0805_03_018_00_neg.jpeg,negative
112,open door,closed door,S_20130901_1015_01_072_05.jpg,positive
112,open door,closed door,S_20130901_1015_01_072_05_neg.jpeg,negative
113,walk path,fly bird,S_20130417_0600_02_059_10.jpg,positive
113,walk path,fly bird,S_20130417_0600_02_059_10_neg.jpeg,negative
114,empty road,busy road,S_20130417_0600_02_059_25.jpg,positive
114,empty road,busy road,S_20130417_0600_02_059_25_neg.jpeg,negative
115,see cupcake,see cookie,S_20130808_0922_02_059_05.jpg,positive
115,see cupcake,see cookie,S_20130808_0922_02_059_05_neg.jpeg,negative
116,clean sink,dirty floor,S_20140420_1803_01_406_00.jpg,positive
116,clean sink,dirty floor,S_20140420_1803_01_406_00_neg.jpeg,negative
117,hug bear,kiss cat,S_20130814_0928_01_033_25.jpg,positive
117,hug bear,kiss cat,S_20130814_0928_01_033_25_neg.jpeg,negative
118,paint art,open door,S_20140125_1508_02_093_00.jpg,positive
118,paint art,open door,S_20140125_1508_02_093_00_neg.jpeg,negative
119,talk loud,sleep quiet,S_20131024_1207_04_050_05.jpg,positive
119,talk loud,sleep quiet,S_20131024_1207_04_050_05_neg.jpeg,negative
120,color mat,gray mat,S_20130901_1015_05_010_00.jpg,positive
120,color mat,gray mat,S_20130901_1015_05_010_00_neg.jpeg,negative
121,see kitty,miss puppy,S_20130829_1012_03_028_10.jpg,positive
121,see kitty,miss puppy,S_20130829_1012_03_028_10_neg.jpeg,negative
122,green apple,red apple,S_20130922_1105_01_068_00.jpg,positive
122,green apple,red apple,S_20130922_1105_01_068_00_neg.jpeg,negative
123,dry grass,wet grass,S_20130417_0600_02_047_05.jpg,positive
123,dry grass,wet grass,S_20130417_0600_02_047_05_neg.jpeg,negative
124,push soap,drink juice,S_20130622_0805_06_031_00.jpg,positive
124,push soap,drink juice,S_20130622_0805_06_031_00_neg.jpeg,negative
125,book shelf,cupboard full,S_20141011_2324_05_021_05.jpg,positive
125,book shelf,cupboard full,S_20141011_2324_05_021_05_neg.jpeg,negative
126,sit floor,stand floor,S_20140406_1720_02_024_10.jpg,positive
126,sit floor,stand floor,S_20140406_1720_02_024_10_neg.jpeg,negative
127,markers spill,bubbles spill,S_20140406_1720_04_123_00.jpg,positive
127,markers spill,bubbles spill,S_20140406_1720_04_123_00_neg.jpeg,negative
128,count owls,count lamb,S_20130529_0712_03_009_00.jpg,positive
128,count owls,count lamb,S_20130529_0712_03_009_00_neg.jpeg,negative
129,tiger roar,panda roar,S_20130706_0819_04_102_00.jpg,positive
129,tiger roar,panda roar,S_20130706_0819_04_102_00_neg.jpeg,negative
130,see flowers,see birds,S_20131024_1207_03_113_10.jpg,positive
130,see flowers,see birds,S_20131024_1207_03_113_10_neg.jpeg,negative
131,sit chair,stand chair,S_20130529_0712_01_005_00.jpg,positive
131,sit chair,stand chair,S_20130529_0712_01_005_00_neg.jpeg,negative
132,mix green,paint blue,S_20141019_2402_04_140_00.jpg,positive
132,mix green,paint blue,S_20141019_2402_04_140_00_neg.jpeg,negative
133,blow bubbles,catch bubbles,S_20130608_0722_05_050_30.jpg,positive
133,blow bubbles,catch bubbles,S_20130608_0722_05_050_30_neg.jpeg,negative
134,cat walk,dog run,S_20140503_1816_05_102_00.jpg,positive
134,cat walk,dog run,S_20140503_1816_05_102_00_neg.jpeg,negative
135,sit grass,stand tree,S_20130428_0611_02_055_30.jpg,positive
135,sit grass,stand tree,S_20130428_0611_02_055_30_neg.jpeg,negative
136,reach basket,close basket,S_20140406_1720_03_118_00.jpg,positive
136,reach basket,close basket,S_20140406_1720_03_118_00_neg.jpeg,negative
137,green grass,blue sky,S_20130501_0614_02_069_00.jpg,positive
137,green grass,blue sky,S_20130501_0614_02_069_00_neg.jpeg,negative
138,read book,close box,S_20130811_0925_03_306_15.jpg,positive
138,read book,close box,S_20130811_0925_03_306_15_neg.jpeg,negative
139,stick play,rock play,S_20130626_0809_09_014_00.jpg,positive
139,stick play,rock play,S_20130626_0809_09_014_00_neg.jpeg,negative
140,sit mat,stand mat,S_20130508_0621_02_022_10.jpg,positive
140,sit mat,stand mat,S_20130508_0621_02_022_10_neg.jpeg,negative
141,big pipe,small blocks,S_20130703_0816_09_010_10.jpg,positive
141,big pipe,small blocks,S_20130703_0816_09_010_10_neg.jpeg,negative
142,read book,sing song,S_20130612_0726_03_043_00.jpg,positive
142,read book,sing song,S_20130612_0726_03_043_00_neg.jpeg,negative
143,puzzle cow,puzzle car,S_20140413_1727_01_088_05.jpg,positive
143,puzzle cow,puzzle car,S_20140413_1727_01_088_05_neg.jpeg,negative
144,green trees,red balloon,S_20131003_1116_01_004_00.jpg,positive
144,green trees,red balloon,S_20131003_1116_01_004_00_neg.jpeg,negative
145,bear coat,duck coat,S_20131003_1116_03_008_10.jpg,positive
145,bear coat,duck coat,S_20131003_1116_03_008_10_neg.jpeg,negative
146,blue tractor,red horse,S_20141102_2416_01_178_05.jpg,positive
146,blue tractor,red horse,S_20141102_2416_01_178_05_neg.jpeg,negative
147,two birds,one bird,S_20130522_0705_04_025_10.jpg,positive
147,two birds,one bird,S_20130522_0705_04_025_10_neg.jpeg,negative
148,hold cup,drop cup,S_20140409_1723_02_095_00.jpg,positive
148,hold cup,drop cup,S_20140409_1723_02_095_00_neg.jpeg,negative
149,orange slice,banana slice,S_20140409_1723_02_095_05.jpg,positive
149,orange slice,banana slice,S_20140409_1723_02_095_05_neg.jpeg,negative
150,hold toy,drop toy,S_20130922_1105_03_058_15.jpg,positive
150,hold toy,drop toy,S_20130922_1105_03_058_15_neg.jpeg,negative
151,blow bubbles,pop bubbles,S_20130626_0809_01_044_00.jpg,positive
151,blow bubbles,pop bubbles,S_20130626_0809_01_044_00_neg.jpeg,negative
152,turn page,stack blocks,S_20130626_0809_01_044_15.jpg,positive
152,turn page,stack blocks,S_20130626_0809_01_044_15_neg.jpeg,negative
153,green toy,red toy,S_20130501_0614_01_023_00.jpg,positive
153,green toy,red toy,S_20130501_0614_01_023_00_neg.jpeg,negative
154,can roll,toy fall,S_20130501_0614_01_023_20.jpg,positive
154,can roll,toy fall,S_20130501_0614_01_023_20_neg.jpeg,negative
155,find robot,hide teddy,S_20130824_1007_02_077_05.jpg,positive
155,find robot,hide teddy,S_20130824_1007_02_077_05_neg.jpeg,negative
156,kitty book,puppy book,S_20130529_0712_02_083_00.jpg,positive
156,kitty book,puppy book,S_20130529_0712_02_083_00_neg.jpeg,negative
157,rubber duck,rubber ball,S_20130714_0827_07_140_00.jpg,positive
157,rubber duck,rubber ball,S_20130714_0827_07_140_00_neg.jpeg,negative
158,milk drink,juice drink,S_20130626_0809_06_038_05.jpg,positive
158,milk drink,juice drink,S_20130626_0809_06_038_05_neg.jpeg,negative
159,wash dishes,cook dishes,S_20130710_0823_08_051_05.jpg,positive
159,wash dishes,cook dishes,S_20130710_0823_08_051_05_neg.jpeg,negative
160,clean sink,dirty cup,S_20130710_0823_08_051_10.jpg,positive
160,clean sink,dirty cup,S_20130710_0823_08_051_10_neg.jpeg,negative
161,play sand,build blocks,S_20140405_1719_03_091_15.jpg,positive
161,play sand,build blocks,S_20140405_1719_03_091_15_neg.jpeg,negative
162,spot bag,striped bag,S_20131103_1217_02_013_00.jpg,positive
162,spot bag,striped bag,S_20131103_1217_02_013_00_neg.jpeg,negative
163,cement truck,fire truck,S_20140418_1801_01_140_00.jpg,positive
163,cement truck,fire truck,S_20140418_1801_01_140_00_neg.jpeg,negative
164,beach fun,snow fun,S_20140409_1723_09_017_00.jpg,positive
164,beach fun,snow fun,S_20140409_1723_09_017_00_neg.jpeg,negative
165,open door,closed door,S_20141101_2415_01_031_10.jpg,positive
165,open door,closed door,S_20141101_2415_01_031_10_neg.jpeg,negative
166,happy ball,sad ball,S_20130818_1001_02_149_00.jpg,positive
166,happy ball,sad ball,S_20130818_1001_02_149_00_neg.jpeg,negative
167,rocky path,watery path,S_20140430_1813_06_041_05.jpg,positive
167,rocky path,watery path,S_20140430_1813_06_041_05_neg.jpeg,negative
168,cup animals,bowl animals,S_20140409_1723_02_097_00.jpg,positive
168,cup animals,bowl animals,S_20140409_1723_02_097_00_neg.jpeg,negative
169,play happy,sleep happy,S_20130811_0925_03_034_25.jpg,positive
169,play happy,sleep happy,S_20130811_0925_03_034_25_neg.jpeg,negative
170,sunny road,cloudy road,S_20130922_1105_05_076_05.jpg,positive
170,sunny road,cloudy road,S_20130922_1105_05_076_05_neg.jpeg,negative
171,cat tail,dog tail,S_20130424_0607_01_018_05.jpg,positive
171,cat tail,dog tail,S_20130424_0607_01_018_05_neg.jpeg,negative
172,sand dig,grass dig,S_20130608_0722_03_018_00.jpg,positive
172,sand dig,grass dig,S_20130608_0722_03_018_00_neg.jpeg,negative
173,banana slice,apple slice,S_20130911_1025_06_023_10.jpg,positive
173,banana slice,apple slice,S_20130911_1025_06_023_10_neg.jpeg,negative
174,touch wipes,grab sock,S_20130605_0719_03_023_10.jpg,positive
174,touch wipes,grab sock,S_20130605_0719_03_023_10_neg.jpeg,negative
175,basket full,basket empty,S_20130706_0819_03_029_10.jpg,positive
175,basket full,basket empty,S_20130706_0819_03_029_10_neg.jpeg,negative
176,write book,read shoe,S_20140503_1816_04_010_00.jpg,positive
176,write book,read shoe,S_20140503_1816_04_010_00_neg.jpeg,negative
177,big boat,small car,S_20130901_1015_04_212_05.jpg,positive
177,big boat,small car,S_20130901_1015_04_212_05_neg.jpeg,negative
178,tie shoe,wear hat,S_20130901_1015_04_212_10.jpg,positive
178,tie shoe,wear hat,S_20130901_1015_04_212_10_neg.jpeg,negative
179,point stick,catch bird,S_20140430_1813_06_183_00.jpg,positive
179,point stick,catch bird,S_20140430_1813_06_183_00_neg.jpeg,negative
180,pink flower,red flower,S_20130901_1015_04_094_00.jpg,positive
180,pink flower,red flower,S_20130901_1015_04_094_00_neg.jpeg,negative
181,yellow bottle,blue bottle,S_20131009_1122_01_057_25.jpg,positive
181,yellow bottle,blue bottle,S_20131009_1122_01_057_25_neg.jpeg,negative
182,read book,drop book,S_20130814_0928_02_033_30.jpg,positive
182,read book,drop book,S_20130814_0928_02_033_30_neg.jpeg,negative
183,red hat,green hat,S_20140123_1506_02_093_00.jpg,positive
183,red hat,green hat,S_20140123_1506_02_093_00_neg.jpeg,negative
184,red hat,blue hat,S_20140123_1506_02_093_05.jpg,positive
184,red hat,blue hat,S_20140123_1506_02_093_05_neg.jpeg,negative
185,empty road,busy road,S_20140430_1813_05_201_00.jpg,positive
185,empty road,busy road,S_20140430_1813_05_201_00_neg.jpeg,negative
186,type key,press toy,S_20140420_1803_01_266_05.jpg,positive
186,type key,press toy,S_20140420_1803_01_266_05_neg.jpeg,negative
187,red bag,blue bag,S_20130803_0917_05_038_15.jpg,positive
187,red bag,blue bag,S_20130803_0917_05_038_15_neg.jpeg,negative
188,eat cake,touch box,S_20141019_2402_04_310_00.jpg,positive
188,eat cake,touch box,S_20141019_2402_04_310_00_neg.jpeg,negative
189,cake yummy,juice yummy,S_20141019_2402_04_310_05.jpg,positive
189,cake yummy,juice yummy,S_20141019_2402_04_310_05_neg.jpeg,negative
190,orange slice,banana slice,S_20141026_2409_03_105_00.jpg,positive
190,orange slice,banana slice,S_20141026_2409_03_105_00_neg.jpeg,negative
191,paint fun,wash fun,S_20130714_0827_05_071_20.jpg,positive
191,paint fun,wash fun,S_20130714_0827_05_071_20_neg.jpeg,negative
192,yellow ball,blue ball,S_20130818_1001_02_143_00.jpg,positive
192,yellow ball,blue ball,S_20130818_1001_02_143_00_neg.jpeg,negative
193,yellow ball,yellow cup,S_20130818_1001_02_143_05.jpg,positive
193,yellow ball,yellow cup,S_20130818_1001_02_143_05_neg.jpeg,negative
194,water plants,pick flowers,S_20131110_1224_02_086_05.jpg,positive
194,water plants,pick flowers,S_20131110_1224_02_086_05_neg.jpeg,negative
195,yellow truck,blue truck,S_20141026_2409_01_148_05.jpg,positive
195,yellow truck,blue truck,S_20141026_2409_01_148_05_neg.jpeg,negative
196,puzzle bug,walk bug,S_20140423_1806_06_138_00.jpg,positive
196,puzzle bug,walk bug,S_20140423_1806_06_138_00_neg.jpeg,negative
197,fit bug,fly bug,S_20140423_1806_06_138_05.jpg,positive
197,fit bug,fly bug,S_20140423_1806_06_138_05_neg.jpeg,negative
198,touch nose,hug bear,S_20140426_1809_06_220_00.jpg,positive
198,touch nose,hug bear,S_20140426_1809_06_220_00_neg.jpeg,negative
199,hold book,drop book,S_20130724_0907_01_042_00.jpg,positive
199,hold book,drop book,S_20130724_0907_01_042_00_neg.jpeg,negative
200,sit grass,stand grass,S_20130428_0611_02_092_00.jpg,positive
200,sit grass,stand grass,S_20130428_0611_02_092_00_neg.jpeg,negative
201,touch grass,kick ball,S_20130428_0611_02_092_20.jpg,positive
201,touch grass,kick ball,S_20130428_0611_02_092_20_neg.jpeg,negative
202,read book,build block,S_20130519_0702_02_046_05.jpg,positive
202,read book,build block,S_20130519_0702_02_046_05_neg.jpeg,negative
203,read book,play toy,S_20130519_0702_02_046_20.jpg,positive
203,read book,play toy,S_20130519_0702_02_046_20_neg.jpeg,negative
204,blue shirt,red shirt,S_20141011_2324_05_033_00.jpg,positive
204,blue shirt,red shirt,S_20141011_2324_05_033_00_neg.jpeg,negative
205,dark room,bright room,S_20130822_1005_02_043_10.jpg,positive
205,dark room,bright room,S_20130822_1005_02_043_10_neg.jpeg,negative
206,sunlight bright,moonlight dark,S_20131113_1227_06_010_25.jpg,positive
206,sunlight bright,moonlight dark,S_20131113_1227_06_010_25_neg.jpeg,negative
207,close book,open book,S_20130529_0712_03_068_00.jpg,positive
207,close book,open book,S_20130529_0712_03_068_00_neg.jpeg,negative
208,touch blue,touch green,S_20130908_1022_03_076_00.jpg,positive
208,touch blue,touch green,S_20130908_1022_03_076_00_neg.jpeg,negative
209,foot up,hand up,S_20130908_1022_03_076_20.jpg,positive
209,foot up,hand up,S_20130908_1022_03_076_20_neg.jpeg,negative
210,blue shirt,green shirt,S_20130622_0805_06_010_00.jpg,positive
210,blue shirt,green shirt,S_20130622_0805_06_010_00_neg.jpeg,negative
211,sand pit,water pit,S_20140405_1719_03_137_05.jpg,positive
211,sand pit,water pit,S_20140405_1719_03_137_05_neg.jpeg,negative
212,green leaf,red flower,S_20130622_0805_02_083_05.jpg,positive
212,green leaf,red flower,S_20130622_0805_02_083_05_neg.jpeg,negative
213,tiny plant,big tree,S_20130622_0805_02_083_10.jpg,positive
213,tiny plant,big tree,S_20130622_0805_02_083_10_neg.jpeg,negative
214,color mat,dark mat,S_20130519_0702_03_048_05.jpg,positive
214,color mat,dark mat,S_20130519_0702_03_048_05_neg.jpeg,negative
215,yellow ball,green ball,S_20130519_0702_03_048_20.jpg,positive
215,yellow ball,green ball,S_20130519_0702_03_048_20_neg.jpeg,negative
216,sandy beach,rocky shore,S_20140409_1723_08_002_00.jpg,positive
216,sandy beach,rocky shore,S_20140409_1723_08_002_00_neg.jpeg,negative
217,zip up,button up,S_20141026_2409_05_085_00.jpg,positive
217,zip up,button up,S_20141026_2409_05_085_00_neg.jpeg,negative
218,mix color,drink color,S_20141019_2402_04_204_00.jpg,positive
218,mix color,drink color,S_20141019_2402_04_204_00_neg.jpeg,negative
219,happy baby,sad baby,S_20130522_0705_02_088_05.jpg,positive
219,happy baby,sad baby,S_20130522_0705_02_088_05_neg.jpeg,negative
220,cat walk,dog run,S_20130808_0922_05_003_00.jpg,positive
220,cat walk,dog run,S_20130808_0922_05_003_00_neg.jpeg,negative
221,blue curtains,green curtains,S_20140403_1717_05_013_10.jpg,positive
221,blue curtains,green curtains,S_20140403_1717_05_013_10_neg.jpeg,negative
222,digging fun,painting fun,S_20140409_1723_08_381_00.jpg,positive
222,digging fun,painting fun,S_20140409_1723_08_381_00_neg.jpeg,negative
223,colorful mat,plain mat,S_20130508_0621_01_069_10.jpg,positive
223,colorful mat,plain mat,S_20130508_0621_01_069_10_neg.jpeg,negative
224,see cow,see sheep,S_20130901_1015_04_111_30.jpg,positive
224,see cow,see sheep,S_20130901_1015_04_111_30_neg.jpeg,negative
225,blue door,red door,S_20131019_1202_02_052_10.jpg,positive
225,blue door,red door,S_20131019_1202_02_052_10_neg.jpeg,negative
226,mouse peek,cat peek,S_20130526_0709_04_029_05.jpg,positive
226,mouse peek,cat peek,S_20130526_0709_04_029_05_neg.jpeg,negative
227,purple drink,orange drink,S_20140418_1801_02_159_00.jpg,positive
227,purple drink,orange drink,S_20140418_1801_02_159_00_neg.jpeg,negative
228,teddy nose,teddy tail,S_20130814_0928_01_013_00.jpg,positive
228,teddy nose,teddy tail,S_20130814_0928_01_013_00_neg.jpeg,negative
229,bunny sit,snake sit,S_20140426_1809_01_295_05.jpg,positive
229,bunny sit,snake sit,S_20140426_1809_01_295_05_neg.jpeg,negative
230,blue steps,red steps,S_20130928_1111_02_028_20.jpg,positive
230,blue steps,red steps,S_20130928_1111_02_028_20_neg.jpeg,negative
231,sleepy head,busy head,S_20140423_1806_03_114_20.jpg,positive
231,sleepy head,busy head,S_20140423_1806_03_114_20_neg.jpeg,negative
232,grapes bag,lemon bag,S_20141019_2402_02_095_00.jpg,positive
232,grapes bag,lemon bag,S_20141019_2402_02_095_00_neg.jpeg,negative
233,green grape,orange grape,S_20141019_2402_02_095_05.jpg,positive
233,green grape,orange grape,S_20141019_2402_02_095_05_neg.jpeg,negative
234,red cupcake,blue cupcake,S_20130731_0914_01_083_05.jpg,positive
234,red cupcake,blue cupcake,S_20130731_0914_01_083_05_neg.jpeg,negative
235,cupcake yum,cookie yum,S_20130731_0914_01_083_15.jpg,positive
235,cupcake yum,cookie yum,S_20130731_0914_01_083_15_neg.jpeg,negative
236,cupcake yummy,fruit yummy,S_20130731_0914_01_083_20.jpg,positive
236,cupcake yummy,fruit yummy,S_20130731_0914_01_083_20_neg.jpeg,negative
237,orange ball,blue ball,S_20131024_1207_03_229_10.jpg,positive
237,orange ball,blue ball,S_20131024_1207_03_229_10_neg.jpeg,negative
238,sunny day,cloudy day,S_20131103_1217_04_018_10.jpg,positive
238,sunny day,cloudy day,S_20131103_1217_04_018_10_neg.jpeg,negative
239,draw letters,write book,S_20140403_1717_10_029_00.jpg,positive
239,draw letters,write book,S_20140403_1717_10_029_00_neg.jpeg,negative
240,big truck,small box,S_20140418_1801_01_223_15.jpg,positive
240,big truck,small box,S_20140418_1801_01_223_15_neg.jpeg,negative
241,see carrot,find banana,S_20130717_0900_01_029_00.jpg,positive
241,see carrot,find banana,S_20130717_0900_01_029_00_neg.jpeg,negative
242,green grass,blue sky,S_20130728_0911_05_016_00.jpg,positive
242,green grass,blue sky,S_20130728_0911_05_016_00_neg.jpeg,negative
243,green grass,red flowers,S_20130728_0911_05_016_20.jpg,positive
243,green grass,red flowers,S_20130728_0911_05_016_20_neg.jpeg,negative
244,white bin,red bin,S_20130619_0802_06_027_00.jpg,positive
244,white bin,red bin,S_20130619_0802_06_027_00_neg.jpeg,negative
245,white bin,black bin,S_20130619_0802_06_027_10.jpg,positive
245,white bin,black bin,S_20130619_0802_06_027_10_neg.jpeg,negative
246,green grass,red flowers,S_20130428_0611_02_072_05.jpg,positive
246,green grass,red flowers,S_20130428_0611_02_072_05_neg.jpeg,negative
247,star pillow,moon pillow,S_20140403_1717_02_088_10.jpg,positive
247,star pillow,moon pillow,S_20140403_1717_02_088_10_neg.jpeg,negative
248,green cup,blue cup,S_20140403_1717_02_088_25.jpg,positive
248,green cup,blue cup,S_20140403_1717_02_088_25_neg.jpeg,negative
249,water plants,paint plants,S_20131110_1224_02_019_10.jpg,positive
249,water plants,paint plants,S_20131110_1224_02_019_10_neg.jpeg,negative
250,star pillow,moon pillow,S_20140403_1717_02_040_10.jpg,positive
250,star pillow,moon pillow,S_20140403_1717_02_040_10_neg.jpeg,negative
251,eat food,play ball,S_20131019_1202_03_108_20.jpg,positive
251,eat food,play ball,S_20131019_1202_03_108_20_neg.jpeg,negative
252,road walk,river walk,S_20130922_1105_05_095_00.jpg,positive
252,road walk,river walk,S_20130922_1105_05_095_00_neg.jpeg,negative
253,red flower,blue flower,S_20130922_1105_05_095_05.jpg,positive
253,red flower,blue flower,S_20130922_1105_05_095_05_neg.jpeg,negative
254,play keys,play drum,S_20130703_0816_06_003_25.jpg,positive
254,play keys,play drum,S_20130703_0816_06_003_25_neg.jpeg,negative
255,sit floor,stand sofa,S_20140418_1801_01_076_05.jpg,positive
255,sit floor,stand sofa,S_20140418_1801_01_076_05_neg.jpeg,negative
256,green plants,blue sky,S_20131003_1116_01_007_00.jpg,positive
256,green plants,blue sky,S_20131003_1116_01_007_00_neg.jpeg,negative
257,yellow ball,blue ball,S_20130608_0722_05_054_20.jpg,positive
257,yellow ball,blue ball,S_20130608_0722_05_054_20_neg.jpeg,negative
258,sit floor,stand floor,S_20130703_0816_06_019_00.jpg,positive
258,sit floor,stand floor,S_20130703_0816_06_019_00_neg.jpeg,negative
259,silver car,blue bike,S_20130522_0705_05_018_10.jpg,positive
259,silver car,blue bike,S_20130522_0705_05_018_10_neg.jpeg,negative
260,happy clap,happy nap,S_20130703_0816_06_016_05.jpg,positive
260,happy clap,happy nap,S_20130703_0816_06_016_05_neg.jpeg,negative
261,sand box,water box,S_20141015_2328_01_353_00.jpg,positive
261,sand box,water box,S_20141015_2328_01_353_00_neg.jpeg,negative
262,chalk board,paint board,S_20140403_1717_03_034_05.jpg,positive
262,chalk board,paint board,S_20140403_1717_03_034_05_neg.jpeg,negative
263,red hat,blue hat,S_20130814_0928_03_173_05.jpg,positive
263,red hat,blue hat,S_20130814_0928_03_173_05_neg.jpeg,negative
264,yellow hat,blue hat,S_20141026_2409_05_046_00.jpg,positive
264,yellow hat,blue hat,S_20141026_2409_05_046_00_neg.jpeg,negative
265,bird walk,bird fly,S_20130501_0614_02_046_15.jpg,positive
265,bird walk,bird fly,S_20130501_0614_02_046_15_neg.jpeg,negative
266,green leaves,blue box,S_20141015_2328_01_084_15.jpg,positive
266,green leaves,blue box,S_20141015_2328_01_084_15_neg.jpeg,negative
267,bear honey,bear apple,S_20130915_1029_06_060_00.jpg,positive
267,bear honey,bear apple,S_20130915_1029_06_060_00_neg.jpeg,negative
268,pig oink,cow moo,S_20140129_1512_01_048_00.jpg,positive
268,pig oink,cow moo,S_20140129_1512_01_048_00_neg.jpeg,negative
269,shiny door,shiny bowl,S_20130710_0823_08_061_00.jpg,positive
269,shiny door,shiny bowl,S_20130710_0823_08_061_00_neg.jpeg,negative
270,color paper,tear paper,S_20140420_1803_04_103_05.jpg,positive
270,color paper,tear paper,S_20140420_1803_04_103_05_neg.jpeg,negative
271,color paper,rip paper,S_20140420_1803_04_103_15.jpg,positive
271,color paper,rip paper,S_20140420_1803_04_103_15_neg.jpeg,negative
272,see baby,see kitty,S_20130417_0600_01_108_05.jpg,positive
272,see baby,see kitty,S_20130417_0600_01_108_05_neg.jpeg,negative
273,red cherry,yellow cherry,S_20130901_1015_04_165_05.jpg,positive
273,red cherry,yellow cherry,S_20130901_1015_04_165_05_neg.jpeg,negative
274,kitty book,doggy book,S_20130724_0907_01_011_00.jpg,positive
274,kitty book,doggy book,S_20130724_0907_01_011_00_neg.jpeg,negative
275,red apple,green apple,S_20130504_0617_01_112_10.jpg,positive
275,red apple,green apple,S_20130504_0617_01_112_10_neg.jpeg,negative
276,walk grass,run hill,S_20140430_1813_06_095_00.jpg,positive
276,walk grass,run hill,S_20140430_1813_06_095_00_neg.jpeg,negative
277,touch sand,splash water,S_20140409_1723_07_031_00.jpg,positive
277,touch sand,splash water,S_20140409_1723_07_031_00_neg.jpeg,negative
278,soft sand,rough rocks,S_20140409_1723_07_031_10.jpg,positive
278,soft sand,rough rocks,S_20140409_1723_07_031_10_neg.jpeg,negative
279,yellow bucket,blue bucket,S_20140409_1723_07_031_15.jpg,positive
279,yellow bucket,blue bucket,S_20140409_1723_07_031_15_neg.jpeg,negative
280,yellow bucket,red bucket,S_20140409_1723_07_031_20.jpg,positive
280,yellow bucket,red bucket,S_20140409_1723_07_031_20_neg.jpeg,negative
281,animal book,empty book,S_20140426_1809_01_376_00.jpg,positive
281,animal book,empty book,S_20140426_1809_01_376_00_neg.jpeg,negative
282,pink balloon,blue balloon,S_20131024_1207_04_032_00.jpg,positive
282,pink balloon,blue balloon,S_20131024_1207_04_032_00_neg.jpeg,negative
283,tree green,tree red,S_20131027_1210_02_015_10.jpg,positive
283,tree green,tree red,S_20131027_1210_02_015_10_neg.jpeg,negative
284,blue beam,green beam,S_20131027_1210_02_015_15.jpg,positive
284,blue beam,green beam,S_20131027_1210_02_015_15_neg.jpeg,negative
285,see crack,see flower,S_20140119_1502_03_154_00.jpg,positive
285,see crack,see flower,S_20140119_1502_03_154_00_neg.jpeg,negative
286,baby eat,baby sleep,S_20130529_0712_02_095_10.jpg,positive
286,baby eat,baby sleep,S_20130529_0712_02_095_10_neg.jpeg,negative
287,red robot,blue robot,S_20141029_2412_01_294_10.jpg,positive
287,red robot,blue robot,S_20141029_2412_01_294_10_neg.jpeg,negative
288,green bucket,blue bucket,S_20140405_1719_03_022_05.jpg,positive
288,green bucket,blue bucket,S_20140405_1719_03_022_05_neg.jpeg,negative
289,count money,stack books,S_20140406_1720_03_072_15.jpg,positive
289,count money,stack books,S_20140406_1720_03_072_15_neg.jpeg,negative
290,coin pile,paper pile,S_20140406_1720_03_072_20.jpg,positive
290,coin pile,paper pile,S_20140406_1720_03_072_20_neg.jpeg,negative
291,colorful mat,plain rug,S_20130519_0702_03_002_15.jpg,positive
291,colorful mat,plain rug,S_20130519_0702_03_002_15_neg.jpeg,negative
292,green grass,yellow grass,S_20141023_2406_03_046_00.jpg,positive
292,green grass,yellow grass,S_20141023_2406_03_046_00_neg.jpeg,negative
293,alligator picture,elephant picture,S_20141018_2401_01_083_05.jpg,positive
293,alligator picture,elephant picture,S_20141018_2401_01_083_05_neg.jpeg,negative
294,yellow ball,red ball,S_20130612_0726_02_028_00.jpg,positive
294,yellow ball,red ball,S_20130612_0726_02_028_00_neg.jpeg,negative
295,yellow ball,blue ball,S_20130612_0726_02_028_05.jpg,positive
295,yellow ball,blue ball,S_20130612_0726_02_028_05_neg.jpeg,negative
296,animal puzzle,animal book,S_20140406_1720_01_186_00.jpg,positive
296,animal puzzle,animal book,S_20140406_1720_01_186_00_neg.jpeg,negative
297,color paper,tear paper,S_20140406_1720_04_064_10.jpg,positive
297,color paper,tear paper,S_20140406_1720_04_064_10_neg.jpeg,negative
298,paint man,read man,S_20131031_1214_03_124_15.jpg,positive
298,paint man,read man,S_20131031_1214_03_124_15_neg.jpeg,negative
299,eat yogurt,play car,S_20130814_0928_03_063_10.jpg,positive
299,eat yogurt,play car,S_20130814_0928_03_063_10_neg.jpeg,negative
300,lamp off,lamp on,S_20140406_1720_04_035_00.jpg,positive
300,lamp off,lamp on,S_20140406_1720_04_035_00_neg.jpeg,negative
301,pink bunny,blue dog,S_20130824_1007_02_124_05.jpg,positive
301,pink bunny,blue dog,S_20130824_1007_02_124_05_neg.jpeg,negative
302,bear book,duck book,S_20130915_1029_06_066_10.jpg,positive
302,bear book,duck book,S_20130915_1029_06_066_10_neg.jpeg,negative
303,basket coins,basket toys,S_20140406_1720_03_086_05.jpg,positive
303,basket coins,basket toys,S_20140406_1720_03_086_05_neg.jpeg,negative
304,touch ground,kick ball,S_20130922_1105_05_062_05.jpg,positive
304,touch ground,kick ball,S_20130922_1105_05_062_05_neg.jpeg,negative
305,cut food,mix salad,S_20140409_1723_02_199_30.jpg,positive
305,cut food,mix salad,S_20140409_1723_02_199_30_neg.jpeg,negative
306,draw book,read book,S_20140423_1806_04_053_05.jpg,positive
306,draw book,read book,S_20140423_1806_04_053_05_neg.jpeg,negative
307,spotty dog,striped cat,S_20130622_0805_06_122_05.jpg,positive
307,spotty dog,striped cat,S_20130622_0805_06_122_05_neg.jpeg,negative
308,flower book,fruit book,S_20130829_1012_04_040_15.jpg,positive
308,flower book,fruit book,S_20130829_1012_04_040_15_neg.jpeg,negative
309,count fruit,count cars,S_20130829_1012_04_040_30.jpg,positive
309,count fruit,count cars,S_20130829_1012_04_040_30_neg.jpeg,negative
310,fluffy cat,scaly fish,S_20130529_0712_03_032_05.jpg,positive
310,fluffy cat,scaly fish,S_20130529_0712_03_032_05_neg.jpeg,negative
311,clothes mess,clean carpet,S_20140426_1809_08_027_10.jpg,positive
311,clothes mess,clean carpet,S_20140426_1809_08_027_10_neg.jpeg,negative
312,zip closed,button shirt,S_20141026_2409_05_062_05.jpg,positive
312,zip closed,button shirt,S_20141026_2409_05_062_05_neg.jpeg,negative
313,open lid,closed lid,S_20140409_1723_06_010_00.jpg,positive
313,open lid,closed lid,S_20140409_1723_06_010_00_neg.jpeg,negative
314,monkey play,dinosaur play,S_20130911_1025_01_007_05.jpg,positive
314,monkey play,dinosaur play,S_20130911_1025_01_007_05_neg.jpeg,negative
315,happy baby,happy dog,S_20130911_1025_01_007_20.jpg,positive
315,happy baby,happy dog,S_20130911_1025_01_007_20_neg.jpeg,negative
316,build puzzle,tear paper,S_20140406_1720_01_253_05.jpg,positive
316,build puzzle,tear paper,S_20140406_1720_01_253_05_neg.jpeg,negative
317,soft carpet,hard floor,S_20130424_0607_01_056_20.jpg,positive
317,soft carpet,hard floor,S_20130424_0607_01_056_20_neg.jpeg,negative
318,playground fun,sandcastle building,S_20140426_1809_11_017_10.jpg,positive
318,playground fun,sandcastle building,S_20140426_1809_11_017_10_neg.jpeg,negative
319,green plants,yellow flowers,S_20130710_0823_07_025_20.jpg,positive
319,green plants,yellow flowers,S_20130710_0823_07_025_20_neg.jpeg,negative
320,star biscuit,round biscuit,S_20130901_1015_04_229_10.jpg,positive
320,star biscuit,round biscuit,S_20130901_1015_04_229_10_neg.jpeg,negative
321,big bubble,tiny ball,S_20141102_2416_01_125_00.jpg,positive
321,big bubble,tiny ball,S_20141102_2416_01_125_00_neg.jpeg,negative
322,big dog,small cat,S_20130731_0914_01_162_00.jpg,positive
322,big dog,small cat,S_20130731_0914_01_162_00_neg.jpeg,negative
323,sit down,stand up,S_20130526_0709_02_009_00.jpg,positive
323,sit down,stand up,S_20130526_0709_02_009_00_neg.jpeg,negative
324,sunny park,rainy park,S_20141009_2322_02_029_15.jpg,positive
324,sunny park,rainy park,S_20141009_2322_02_029_15_neg.jpeg,negative
325,pour milk,eat fruit,S_20130626_0809_05_031_20.jpg,positive
325,pour milk,eat fruit,S_20130626_0809_05_031_20_neg.jpeg,negative
326,big tree,tiny flower,S_20130911_1025_01_075_00.jpg,positive
326,big tree,tiny flower,S_20130911_1025_01_075_00_neg.jpeg,negative
327,big bunny,small bird,S_20140503_1816_02_253_00.jpg,positive
327,big bunny,small bird,S_20140503_1816_02_253_00_neg.jpeg,negative
328,climb steps,run steps,S_20130915_1029_06_030_10.jpg,positive
328,climb steps,run steps,S_20130915_1029_06_030_10_neg.jpeg,negative
329,step rock,kick ball,S_20141108_2422_02_097_00.jpg,positive
329,step rock,kick ball,S_20141108_2422_02_097_00_neg.jpeg,negative
330,big truck,small bike,S_20141102_2416_01_065_05.jpg,positive
330,big truck,small bike,S_20141102_2416_01_065_05_neg.jpeg,negative
331,hold candle,drop book,S_20140418_1801_02_178_05.jpg,positive
331,hold candle,drop book,S_20140418_1801_02_178_05_neg.jpeg,negative
332,walk outside,sit inside,S_20140119_1502_02_070_05.jpg,positive
332,walk outside,sit inside,S_20140119_1502_02_070_05_neg.jpeg,negative
333,soda can,juice box,S_20130703_0816_10_019_15.jpg,positive
333,soda can,juice box,S_20130703_0816_10_019_15_neg.jpeg,negative
334,bucket full,bucket empty,S_20140405_1719_02_090_05.jpg,positive
334,bucket full,bucket empty,S_20140405_1719_02_090_05_neg.jpeg,negative
335,green grass,blue water,S_20141009_2322_02_052_00.jpg,positive
335,green grass,blue water,S_20141009_2322_02_052_00_neg.jpeg,negative
336,sit grass,run path,S_20130608_0722_05_038_25.jpg,positive
336,sit grass,run path,S_20130608_0722_05_038_25_neg.jpeg,negative
337,basket toy,basket book,S_20130602_0716_05_024_00.jpg,positive
337,basket toy,basket book,S_20130602_0716_05_024_00_neg.jpeg,negative
338,drink water,pour juice,S_20141108_2422_03_015_10.jpg,positive
338,drink water,pour juice,S_20141108_2422_03_015_10_neg.jpeg,negative
339,sandy beach,rocky beach,S_20140409_1723_09_008_05.jpg,positive
339,sandy beach,rocky beach,S_20140409_1723_09_008_05_neg.jpeg,negative
340,couch sit,table sit,S_20140413_1727_01_051_00.jpg,positive
340,couch sit,table sit,S_20140413_1727_01_051_00_neg.jpeg,negative
341,open door,close door,S_20140409_1723_02_010_00.jpg,positive
341,open door,close door,S_20140409_1723_02_010_00_neg.jpeg,negative
342,ripped jeans,clean jeans,S_20140405_1719_01_011_00.jpg,positive
342,ripped jeans,clean jeans,S_20140405_1719_01_011_00_neg.jpeg,negative
343,jam bread,butter bread,S_20141019_2402_02_195_25.jpg,positive
343,jam bread,butter bread,S_20141019_2402_02_195_25_neg.jpeg,negative
344,banana slice,apple slice,S_20130822_1005_02_053_15.jpg,positive
344,banana slice,apple slice,S_20130822_1005_02_053_15_neg.jpeg,negative
345,outside play,inside play,S_20131027_1210_02_263_10.jpg,positive
345,outside play,inside play,S_20131027_1210_02_263_10_neg.jpeg,negative
346,shoe sand,shoe grass,S_20140409_1723_08_402_05.jpg,positive
346,shoe sand,shoe grass,S_20140409_1723_08_402_05_neg.jpeg,negative
347,read kitty,play blocks,S_20130808_0922_02_035_00.jpg,positive
347,read kitty,play blocks,S_20130808_0922_02_035_00_neg.jpeg,negative
348,green plant,blue ball,S_20130622_0805_02_006_00.jpg,positive
348,green plant,blue ball,S_20130622_0805_02_006_00_neg.jpeg,negative
349,swim baby,nap baby,S_20130814_0928_03_368_00.jpg,positive
349,swim baby,nap baby,S_20130814_0928_03_368_00_neg.jpeg,negative
350,laughing baby,crying baby,S_20130814_0928_03_368_15.jpg,positive
350,laughing baby,crying baby,S_20130814_0928_03_368_15_neg.jpeg,negative
351,lotion bottle,juice bottle,S_20130919_1102_02_065_05.jpg,positive
351,lotion bottle,juice bottle,S_20130919_1102_02_065_05_neg.jpeg,negative
352,baby smile,dog bark,S_20130731_0914_01_068_25.jpg,positive
352,baby smile,dog bark,S_20130731_0914_01_068_25_neg.jpeg,negative
353,light on,light off,S_20141108_2422_02_127_05.jpg,positive
353,light on,light off,S_20141108_2422_02_127_05_neg.jpeg,negative
354,read cat,draw cat,S_20130626_0809_01_108_00.jpg,positive
354,read cat,draw cat,S_20130626_0809_01_108_00_neg.jpeg,negative
355,fridge open,fridge closed,S_20141026_2409_02_296_00.jpg,positive
355,fridge open,fridge closed,S_20141026_2409_02_296_00_neg.jpeg,negative
356,smooth floor,rough rug,S_20130714_0827_04_042_00.jpg,positive
356,smooth floor,rough rug,S_20130714_0827_04_042_00_neg.jpeg,negative
357,animal puzzle,robot puzzle,S_20140406_1720_01_187_00.jpg,positive
357,animal puzzle,robot puzzle,S_20140406_1720_01_187_00_neg.jpeg,negative
358,see truck,read car,S_20140418_1801_01_309_10.jpg,positive
358,see truck,read car,S_20140418_1801_01_309_10_neg.jpeg,negative
359,dig sand,pour water,S_20141015_2328_01_350_00.jpg,positive
359,dig sand,pour water,S_20141015_2328_01_350_00_neg.jpeg,negative
360,sad bunny,happy bunny,S_20141102_2416_01_119_00.jpg,positive
360,sad bunny,happy bunny,S_20141102_2416_01_119_00_neg.jpeg,negative
361,see computer,see phone,S_20140420_1803_01_424_05.jpg,positive
361,see computer,see phone,S_20140420_1803_01_424_05_neg.jpeg,negative
362,blue bowl,red ball,S_20130818_1001_02_089_05.jpg,positive
362,blue bowl,red ball,S_20130818_1001_02_089_05_neg.jpeg,negative
363,bed messy,bed clean,S_20140430_1813_02_014_00.jpg,positive
363,bed messy,bed clean,S_20140430_1813_02_014_00_neg.jpeg,negative
364,cat running,dog sitting,S_20140503_1816_05_086_05.jpg,positive
364,cat running,dog sitting,S_20140503_1816_05_086_05_neg.jpeg,negative
